URL,Dernière exploration
https://www.pirabellabs.com/en/blog/email-marketing-strategies-guide-complete,2026-05-22
https://www.pirabellabs.com/en/n8n-automation.html,2026-05-22
https://www.pirabellabs.com/en/casablanca.html,2026-05-22
https://www.pirabellabs.com/en/agence-email-marketing-crm/campaigns-emailing/casablanca,2026-05-19
https://www.pirabellabs.com/agence-email-marketing-crm/campaigns-emailing/casablanca,2026-05-19
https://www.pirabellabs.com/agency-ia-automatisation/,2026-05-19
https://www.pirabellabs.com/en/guides/articles-seo-writtenr-guide,2026-05-19
https://www.pirabellabs.com/guides/tunnel-vente-creer-optimize,2026-05-18
https://www.pirabellabs.com/app/views/reviews-admin,2026-05-18
https://www.pirabellabs.com/en/agence-redaction-content-marketing/strategie-editorial/paris,2026-05-18
https://www.pirabellabs.com/en/zapier-automatisation.html,2026-05-18
https://www.pirabellabs.com/en/video-reseaux-sociaux.html,2026-05-18
https://www.pirabellabs.com/agence-redaction-content-marketing/strategie-editorial,2026-05-18
https://www.pirabellabs.com/en/google-ads-guide-debutant.html,2026-05-17
https://www.pirabellabs.com/en/blog/branding-visual-identity,2026-05-17
https://www.pirabellabs.com/en/automatisation-marketing-ia-guide.html,2026-05-17
https://www.pirabellabs.com/en/agents-ia.html,2026-05-17
https://www.pirabellabs.com/app/views/prospects,2026-05-17
https://www.pirabellabs.com/en/guides/trends-design-graphique-2026,2026-05-17
https://www.pirabellabs.com/agence-ia-automatisation/make-automation/dakar,2026-05-17
https://www.pirabellabs.com/en/seo-agency/,2026-05-17
https://www.pirabellabs.com/en/google-ads.html,2026-05-17
https://www.pirabellabs.com/agence-redaction-content-marketing/strategie-editorial/lyon,2026-05-17
https://www.pirabellabs.com/guides/wordion-design-marketing-guide,2026-05-17
https://www.pirabellabs.com/en/agents-ia-cas-usage-marketing.html,2026-05-17
https://www.pirabellabs.com/en/guideallys/landing-page-parfaite-guideally.html,2026-05-17
https://www.pirabellabs.com/en/wordpress.html,2026-05-17
https://www.pirabellabs.com/en/content-marketing-strategie-guide.html,2026-05-17
https://www.pirabellabs.com/guides/audit-seo-checklist-completeeeee,2026-05-17
https://www.pirabellabs.com/app/views/clients,2026-05-17
https://www.pirabellabs.com/guides/trends-design-graphique-2026,2026-05-17
https://www.pirabellabs.com/en/agence-redaction-content-marketing/strategie-editorial/casablanca,2026-05-17
https://www.pirabellabs.com/guides/branding-startup-guide-completeeee,2026-05-17
https://www.pirabellabs.com/en/agence-redaction-content-marketing/strategie-editorial/lyon,2026-05-17
https://www.pirabellabs.com/status,2026-05-17
https://www.pirabellabs.com/en/guides/branding-startup-guide-completeeee,2026-05-16
https://www.pirabellabs.com/en/guides/email-marketing-guide-completeeee,2026-05-16
https://www.pirabellabs.com/app/views/reviews,2026-05-16
https://www.pirabellabs.com/guides/influence-marketing-guide-completeeee,2026-05-16
https://www.pirabellabs.com/en/agence-redaction-content-marketing/strategie-editorial/cotonou,2026-05-16
https://www.pirabellabs.com/agence-redaction-content-marketing/strategie-editorial/cotonou,2026-05-16
https://www.pirabellabs.com/agence-email-marketing-crm/campaigns-emailing/marseille,2026-05-16
https://www.pirabellabs.com/en/agence-email-marketing-crm/campaigns-emailing/marseille,2026-05-16
https://www.pirabellabs.com/en/creation-contenu-social.html,2026-05-15
https://www.pirabellabs.com/guides/strategy-netlinking-ethique,2026-05-15
https://www.pirabellabs.com/agence-redaction-content-marketing/strategie-editorial/casablanca,2026-05-15
https://www.pirabellabs.com/en/retargeting-strategies-avancees.html,2026-05-15
https://www.pirabellabs.com/agence-email-marketing-crm/campaigns-emailing/cotonou,2026-05-15
https://www.pirabellabs.com/agence-email-marketing-crm/campaigns-emailing/paris,2026-05-15
https://www.pirabellabs.com/guides/montage-video-tools-technicals,2026-05-15
https://www.pirabellabs.com/guides/how-creer-site-web-performant-2026,2026-05-15
https://www.pirabellabs.com/en/guides/how-creer-site-web-performant-2026,2026-05-15
https://www.pirabellabs.com/guides/content-marketing-strategy-guide,2026-05-15
https://www.pirabellabs.com/agence-ia-automatisation/chatgpt-business,2026-05-15
https://www.pirabellabs.com/en/guides/influence-marketing-guide-completeeee,2026-05-15
https://www.pirabellabs.com/en/tunnels-de-vente.html,2026-05-15
https://www.pirabellabs.com/en/chatbot-ia-entreprise-guide.html,2026-05-15
https://www.pirabellabs.com/agence-email-marketing-crm/campaigns-emailing/dakar,2026-05-15
https://www.pirabellabs.com/guides/email-marketing-guide-completeeee,2026-05-14
https://www.pirabellabs.com/en/guides/chatbot-ia-business-guide.html,2026-05-14
https://www.pirabellabs.com/en/agence-email-marketing-crm/campaigns-emailing,2026-05-13
https://www.pirabellabs.com/en/agence-email-marketing-crm/campaigns-emailing/montreal,2026-05-12
https://www.pirabellabs.com/en/n8n-automatisation.html,2026-05-12
https://www.pirabellabs.com/en/make-automatisation.html,2026-05-12
https://www.pirabellabs.com/en/agence-email-marketing-crm/campaigns-emailing/abidjan,2026-05-12
https://www.pirabellabs.com/en/motion-design.html,2026-05-12
https://www.pirabellabs.com/en/guides/budget-publicitaire-optimize,2026-05-11
https://www.pirabellabs.com/agence-email-marketing-crm/campaigns-emailing/montreal,2026-05-10
https://www.pirabellabs.com/guides/how-create-site-web-high-performing-2026,2026-05-10
https://www.pirabellabs.com/en/optimisation-conversion.html,2026-05-10
https://www.pirabellabs.com/en/agence-email-marketing-crm/campaigns-emailing/cotonou,2026-05-09
https://www.pirabellabs.com/agence-email-marketing-crm/campaigns-emailing/abidjan,2026-05-09
https://www.pirabellabs.com/blog/video-marketing-strategy-guide-2026,2026-05-09
https://www.pirabellabs.com/guides/automation-marketing-ia-guide.html,2026-05-08
https://www.pirabellabs.com/en/community-management.html,2026-05-08
https://www.pirabellabs.com/en/creation-logo.html,2026-05-08
https://www.pirabellabs.com/en/audit-seo.html,2026-05-08
https://www.pirabellabs.com/agency-ia-automation/,2026-05-08
https://www.pirabellabs.com/guides/video-networks-sociaux-formats,2026-05-08
https://www.pirabellabs.com/en/charte-graphique.html,2026-05-08
https://www.pirabellabs.com/guides/charte-graphique-element-essentials,2026-05-08
https://www.pirabellabs.com/agence-email-marketing-crm/campaigns-emailing/tunis,2026-05-08
https://www.pirabellabs.com/agence-email-marketing-crm/campaigns-emailing/lyon,2026-05-07
https://www.pirabellabs.com/agence-email-marketing-crm/campaigns-emailing,2026-05-07
https://www.pirabellabs.com/en/agence-email-marketing-crm/campaigns-emailing/lyon,2026-05-07
https://www.pirabellabs.com/en/agence-email-marketing-crm/campaigns-emailing/tunis,2026-05-07
https://www.pirabellabs.com/en/landing-pages.html,2026-05-07
https://www.pirabellabs.com/guides/guide-complete-seo-debutant.html,2026-05-07
https://www.pirabellabs.com/en/seo-local.html,2026-05-07
https://www.pirabellabs.com/en/agence-video-wordion-design/,2026-05-05
https://www.pirabellabs.com/app/views/campaigns,2026-05-05
https://www.pirabellabs.com/en/guides/influence-marketing-guide-complete.html,2026-05-05
https://www.pirabellabs.com/en/about,2026-05-04
https://www.pirabellabs.com/guides/budget-publicitaire-optimize,2026-05-04
https://www.pirabellabs.com/en/netlinking.html,2026-05-04
https://www.pirabellabs.com/request-modification,2026-05-04
https://www.pirabellabs.com/agence-ia-automatisation/make-automation/paris,2026-05-03
https://www.pirabellabs.com/en/guides/montage-video-tools-technicals,2026-05-03
https://www.pirabellabs.com/en/guides/retargeting-strategys-advanced.html,2026-05-02
https://www.pirabellabs.com/en/webflow.html,2026-05-02
https://www.pirabellabs.com/Projet A,2026-05-01
https://www.pirabellabs.com/en/identite-visuelle.html,2026-04-30
https://www.pirabellabs.com/en/packaging-design.html,2026-04-30
https://www.pirabellabs.com/en/seo-technique.html,2026-04-30
https://www.pirabellabs.com/blog/seo-referencement-naturel-guide-complete-2026,2026-04-28
https://www.pirabellabs.com/en/blog/seo-referencement-naturel-guide-complete-2026,2026-04-28
https://www.pirabellabs.com/en/agency-ia-automatisation,2026-04-18
https://www.pirabellabs.com/guideallys/landing-page-parfaite-guideally,2026-04-16